307	Actions Secteur Technologies
308	Actions BRIC
309	Actions Brésil
310	Actions Etats-Unis Gdes Cap. Croissance
311	Actions Russie
312	Actions Grande Chine
313	Actions Chine
314	Actions Hong Kong
315	Actions Norvège
316	Actions Etats-Unis Petites Cap.
317	Actions Etats-Unis Flex Cap
318	Actions Thaïlande
319	Actions Etats-Unis Gdes Cap. Mixte
320	Actions Secteur Non-Coté
321	Actions Suisse Petites & Moy. Cap.
322	Actions Taiwan Grandes Cap.
323	Actions Asie hors Japon
324	Actions Secteur Matériaux & Industrie
325	Allocation Grande Chine
326	Actions Internationales Gdes Cap. Croissance
327	Actions Secteur Finance
328	Actions Asie-Pacifique hors Japon
329	Actions Chine - A Shares
330	Actions Etats-Unis Moyennes Cap.
331	Actions Pays-Bas
332	Actions Marchés Emergents
333	Actions Internationales Petites Cap.
334	Actions Grèce
335	Actions Japon Petites & Moy. Cap.
336	Actions Pacifique hors Japon
337	Actions Asie-Pacifique hors Japon Rendement
338	Actions Inde
339	Actions Etats-Unis Gdes Cap. Value
340	Actions Amérique Latine
341	Actions France Grandes Cap.
342	Actions Secteur Biens Conso. & Services
343	Actions Vietnam
344	Actions Secteur Eau
345	Actions Europe du Nord Petites & Moy. Cap.
346	Actions Europe Petites Cap.
347	Actions Europe Emergente
348	Actions Internationales Gdes Cap. Mixte
349	Actions Secteur Ecologie
350	Actions Zone Euro Petites Cap.
351	Matières Premières - Energie
352	Actions Asie-Pacifique avec Japon
353	Actions Internationales Flex-Cap.
354	Actions Zone Euro Moyennes Cap.
355	Actions Suisse Grandes Cap.
356	Actions Europe Moyennes Cap.
357	Immobilier - Indirect Asie
358	Actions Europe hors UK Petites & Moy. Cap.
359	Actions Singapour
360	Actions Secteur Services Publics
361	Actions Royaume-Uni Petites Cap.
362	Actions Secteur Infrastructures
363	Fonds à horizon 2046+
364	Actions Internationales Gdes Cap. Value
365	Actions Secteur Agriculture
366	Actions Internationales Rendement
367	Actions Japon Flex Cap
368	Fonds à horizon 2041-2045
369	Actions Secteur Energies Alternatives
370	Fonds à horizon 2036-2040
371	Allocation USD Agressive
372	Actions Afrique & Moyen-Orient
373	Actions Secteur Ressources Naturelles
374	Actions Europe hors UK Gdes Cap.
375	Actions Europe Emergente hors Russie
376	Actions Europe Gdes Cap. Croissance
377	Actions Zone Euro Grandes Cap.
378	Actions Japon Grandes Cap.
379	Obligations USD Haut Rendement
380	Actions Internationales Chariah Islamique
381	Obligations Internationales Haut Rendement
382	Allocation Marchés Emergents
383	Actions Allemagne Petites & Moy. Cap.
384	Fonds à horizon 2031-2035
385	Actions Marchés Emergents Petites & Moy. Cap.
386	Allocation GBP Audacieuse
387	Actions Australie & Nouvelle-Zélande
388	Matières Premières - Métaux Précieux
389	Actions Suède
390	Actions Secteur Santé
391	Allocation Asie
392	Actions Espagne
393	Actions Zone Euro Flex Cap
394	Actions Europe du Nord
395	Actions Allemagne Gdes Cap.
396	Allocation NOK Agressive
397	Allocation EUR Agressive - International
398	Actions Royaume-Uni Moyennes Cap.
399	Actions Europe Flex Cap
400	Actions ASEAN
401	Obligations NOK Haut Rendement
402	Allocation USD Modérée
403	Actions Secteur Biotechnologie
404	Actions Europe Gdes Cap. Mixte
405	Obligations Asie Haut Rendement
406	Actions Asie hors Japon Petites & Moy. Cap.
407	Fonds à horizon 2026-2030
408	Obligations Marchés Emergents Emprunts Privés
409	Actions Europe Gdes Cap. Value
410	Actions Royaume-Uni Grandes Cap
411	Allocation EUR Agressive
412	Actions Marchés Frontières
413	Actions Royaume-Uni Flex Cap
414	Immobilier - Indirect International
415	Immobilier - Indirect Europe
416	Allocation USD Flexible
417	Actions Europe Rendement
418	Obligations Europe Haut Rendement
419	Actions Pologne
420	Convertibles Internationales Couvertes en USD
421	Actions Italie
422	Obligations Marchés Emergents
423	Immobilier - Indirect Zone Euro
424	Obligations EUR Haut Rendement
425	Allocation GBP Modérément Audacieuse
426	Obligations USD Flexibles
427	Obligations Internationales Haut Rendement Couvertes en EUR
428	Actions Secteur Energie
429	Obligations Internationales Flexibles Couvertes en USD
430	Obligations Internationales ILS
431	Actions Afrique du Sud & Namibie
432	Obligations RMB
433	Obligations Internationales Emprunts Privés Couvertes en USD
434	Allocation SEK Agressive
435	Convertibles Internationales
436	Obligations Internationales Chariah Islamique
437	Obligations Asie
438	Obligations Internationales Indexées sur l'Inflation Couvertes en USD
439	Allocation USD Prudente
440	Obligations GBP Indexées sur l'Inflation
441	Immobilier - Indirect Amérique du Nord
442	Obligations Internationales Flexibles
443	Allocation EUR Flexible - International
444	Allocation EUR Modérée - International
445	Obligations USD Emprunts Privés
446	Actions Royaume-Uni Rendement
447	Fonds à horizon 2021-2025
448	Obligations Internationales Emprunts Privés
449	Allocation EUR Modérée
450	Allocation EUR Flexible
451	Obligations EUR Long Terme
452	Obligations Marchés Emergents Emprunts Privés Dominante EUR
453	Obligations Internationales Couvertes en USD
454	Allocation CHF Agressive
455	Obligations DKK
456	Obligations Marchés Emergents Devise Locale
457	Obligations Marchés Emergents Dominante EUR
458	Actions Indonésie
459	Obligations Asie - Devise Locale
460	Actions Afrique
461	Convertibles Europe
462	Allocation GBP Modérée
463	Allocation GBP Flexible
464	Obligations EUR Emprunts Privés
465	Obligations Internationales Haut Rendement Couvertes en CHF
466	Obligations DKK Domestiques
467	Convertibles Internationales Couvertes en EUR
468	Fonds à horizon 2016-2020
469	Obligations Internationales Haut Rendement Couvertes en GBP
470	Obligations Internationales Flexibles Couvertes en EUR
471	Obligations USD Diversifiées
472	Obligations RMB Offshore
473	Obligations GBP Haut Rendement
474	Matières Premières - Softs
475	Obligations Internationales Dominante USD
476	Actions Secteur Communication
477	Obligations USD Diversifiées Court Terme
478	Allocation EUR Prudente - International
479	Allocation EUR Prudente
480	Obligations Internationales Indexées sur l'Inflation
481	Allocation CHF Modérée
482	Allocation SEK Modérée
483	Monétaires USD Court Terme
484	Obligations EUR Flexibles
485	Obligations Internationales Couvertes en NOK
486	Monétaires USD
487	Obligations Internationales Emprunts Privés Couvertes en EUR
488	Obligations HDK
489	Obligations PLN
490	Obligations Europe
491	Actions Canada
492	Obligations USD Indexées sur l'Inflation
493	Obligations GBP Emprunts Privés
494	Allocation SEK Flexible
495	Obligations NOK Court Terme
496	Obligations Internationales Indexées sur l'Inflation Couvertes en EUR
497	Obligations EUR Diversifiées
498	Obligations Internationales
499	Allocation GBP Modérément Prudente
500	Obligations EUR Indexées sur l'Inflation
501	Obligations EUR Emprunts Privés Court Terme
502	Obligations USD Emprunts d'Etat
503	Convertibles Internationales Couvertes en CHF
504	Actions France Petites & Moy. Cap.
505	Obligations Internationales Dominante EUR
506	Obligations NOK
507	Actions Belgique
508	Fonds à horizon 2011-2015
509	Obligations EUR Emprunts d'Etat
510	Obligations Europe Emergente
511	Allocation GBP Prudente
512	Matières Premières - Divers
513	Obligations GBP Diversifiées
514	Obligations Internationales Flexibles Couvertes en CHF
515	Obligations GBP Flexibles
516	Immobilier - Direct Europe
517	Obligations Internationales Couvertes en EUR
518	Obligations JPY
519	Obligations EUR Diversifiées Court Terme
520	Actions Corée
521	Swap EONIA PEA
522	Obligations EUR Très Court Terme
523	Obligations GBP Emprunts d'Etat
524	Monétaires EUR
525	Obligations Internationales Dominante CHF
526	Obligations Internationales Emprunts Privés Couvertes en CHF
527	Obligations Internationales Flexibles Couvertes en GBP
528	Monétaires EUR Court Terme
529	Obligations EUR Emprunts d'Etat Court Terme
530	Actions Royaume-Uni Gdes Cap. Value
531	Allocation CHF Prudente
532	Convertibles Internationales Couvertes en GBP
533	Actions EMEA
534	Obligations Internationales Couvertes en CHF
535	Matières Premières - Bétail
536	Obligations CHF
537	Immobilier - Direct International
538	Obligations Internationales Indexées sur l'Inflation Couvertes en GBP
539	Obligations Internationales Emprunts Privés Couvertes en GBP
540	Allocation SEK Prudente
541	Obligations Internationales Couvertes en GBP
542	Monétaires CHF
543	Obligations CHF Court Terme
544	Obligations GBP Diversifiées Court Terme
545	Monétaires GBP Court Terme
546	Actions Royaume-Uni Gdes Cap. Croissance
547	Monétaires GBP
548	Obligations SEK Emprunts Privés
549	Obligations AUD
550	Immobilier - Direct Autres
551	Obligations SEK
552	Actions Secteur Métaux Précieux
553	Obligations CAD
554	Matières Premières - Agriculture
555	Actions Turquie
556	Actions Amériques Autres
557	Actions Asie-Pacifique Autres
558	Actions Autres
559	Actions Chariah Islamique Autres
560	Actions Etats-Unis - Devises Couvertes
561	Actions Internationales - Devises Couvertes
562	Actions Japon - Devises Couvertes
563	Allocation Autres Devises
564	Alt - Arbitrage Dette
565	Alt - Arbitrages Diversifiés
566	Alt - Autres
567	Alt - Devises
568	Alt - Event Driven
569	Alt - Fonds de Fonds Alternatifs - Actions
570	Alt - Fonds de Fonds Alternatifs - Autres
571	Alt - Fonds de Fonds Alternatifs - Multistratégies
572	Alt - Global Macro
573	Alt - Long/Short Actions - Autres
574	Alt - Long/Short Actions - Europe
575	Alt - Long/Short Actions - International
576	Alt - Long/Short Actions - Marchés Emergents
577	Alt - Long/Short Actions - UK
578	Alt - Long/Short Actions - US
579	Alt - Long/Short Obligations
580	Alt - Market Neutral - Actions
581	Alt - Multistratégies
582	Alt - Systematic Futures
583	Alt - Volatilité
584	Autres
585	Convertibles Autres
586	Diversified Arbitrage
587	Fonds à Capital Protégé
588	Fonds Garantis
589	Fund of Funds - Macro/Systematic
590	Fund of Funds - Equity
591	Fund of Funds - Event
592	Fund of Funds - Multistrategy
593	Global Long/Short Equity
594	Global Macro
595	Immobilier - Indirect Autres
596	Long/Short Debt
597	Long-Only Debt
598	Long-Only Equity
599	Long-Only Other
600	Matières Premières - Céréales
601	Matières Premières - Industrie & Métaux
602	Monétaires Autres Devises
603	Multistrategy
604	Obligations à échéance
605	Obligations Autres
606	Obligations Autres Devises Indexées sur l'Inflation
607	Obligations Haut Rendement Couvertes en Autres Devises
608	Obligations RMB Haut Rendement
609	Systematic Futures
610	Trading - Leveraged/Inverse Actions
611	Trading - Leveraged/Inverse Matières Premières
612	Trading - Leveraged/Inverse Obligations
613	Volatility
